<?xml version="1.0" encoding="UTF-8" ?>
<!DOCTYPE mapper PUBLIC "-//mybatis.org//DTD Mapper 3.0//EN" "http://mybatis.org/dtd/mybatis-3-mapper.dtd" >
<mapper namespace="org.spring.springboot.dao.master.UserDao">
	<resultMap id="BaseResultMap" type="org.spring.springboot.domain.User">
		<result column="id" property="id" />
		<result column="user_name" property="userName" />
		<result column="description" property="description" />
	</resultMap>

	<sql id="Base_Column_List">
		id, user_name, description
	</sql>

	<select id="findByName" resultMap="BaseResultMap" parameterType="java.lang.String">
		select
		<include refid="Base_Column_List" />
		from user
		where id = 1
	</select>

</mapper>
